date,series_0,series_1,series_2,series_3
2011-01-01,0,1,0,1
2011-01-02,7,0,7,0
2011-01-03,6,2,6,2
2011-01-04,7,0,7,0
2011-01-05,4,1,4,1
2011-01-06,5,0,5,0
2011-01-07,5,1,5,1
2011-01-08,35,6,35,6
2011-01-09,14,0,14,0
2011-01-10,10,2,10,2
2011-01-11,37,5,37,5
2011-01-12,6,1,6,1
2011-01-13,9,1,9,1
2011-01-14,5,0,5,0
2011-01-15,49,3,49,3
2011-01-16,4,2,4,2
2011-01-17,8,3,8,3
2011-01-18,1,2,1,2
2011-01-19,5,1,5,1
2011-01-20,1,1,1,1
2011-01-21,4,1,4,1
2011-01-22,15,0,15,0
2011-01-23,0,2,0,2
2011-01-24,0,0,0,0
2011-01-25,26,1,26,1
2011-01-26,2,2,2,2
2011-01-27,30,2,30,2
2011-01-28,0,0,0,0
2011-01-29,20,1,20,1
2011-01-30,0,2,0,2
2011-01-31,0,2,0,2
2011-02-01,0,0,0,0
2011-02-02,0,0,0,0
2011-02-03,0,4,0,4
2011-02-04,0,0,0,0
2011-02-05,0,3,0,3
2011-02-06,4,1,4,1
2011-02-07,29,0,29,0
2011-02-08,4,1,4,1
2011-02-09,0,0,0,0
2011-02-10,6,2,6,2
2011-02-11,26,0,26,0
2011-02-12,67,2,67,2
2011-02-13,11,4,11,4
2011-02-14,0,1,0,1
2011-02-15,24,0,24,0
2011-02-16,1,6,1,6
2011-02-17,31,0,31,0
2011-02-18,11,0,11,0
2011-02-19,7,1,7,1
2011-02-20,3,1,3,1
2011-02-21,5,1,5,1
2011-02-22,7,0,7,0
2011-02-23,4,0,4,0
2011-02-24,5,4,5,4
2011-02-25,0,2,0,2
2011-02-26,19,2,19,2
2011-02-27,8,0,8,0
2011-02-28,13,0,13,0
2011-03-01,8,0,8,0
2011-03-02,4,0,4,0
2011-03-03,6,0,6,0
2011-03-04,5,3,5,3
2011-03-05,25,1,25,1
2011-03-06,9,1,9,1
2011-03-07,27,2,27,2
2011-03-08,10,2,10,2
2011-03-09,14,0,14,0
2011-03-10,7,2,7,2
2011-03-11,28,1,28,1
2011-03-12,0,0,0,0
2011-03-13,14,0,14,0
2011-03-14,3,0,3,0
2011-03-15,4,4,4,4
2011-03-16,8,0,8,0
2011-03-17,26,1,26,1
2011-03-18,5,2,5,2
2011-03-19,20,0,20,0
2011-03-20,3,1,3,1
2011-03-21,9,3,9,3
2011-03-22,2,0,2,0
2011-03-23,0,0,0,0
2011-03-24,0,2,0,2
2011-03-25,0,2,0,2
2011-03-26,18,2,18,2
2011-03-27,2,2,2,2
2011-03-28,5,0,5,0
2011-03-29,2,2,2,2
2011-03-30,22,0,22,0
2011-03-31,29,0,29,0
2011-04-01,0,2,0,2
2011-04-02,2,0,2,0
2011-04-03,24,3,24,3
2011-04-04,0,1,0,1
2011-04-05,2,0,2,0
2011-04-06,4,0,4,0
2011-04-07,25,0,25,0
2011-04-08,3,0,3,0
2011-04-09,5,2,5,2
2011-04-10,8,0,8,0
2011-04-11,10,2,10,2
2011-04-12,0,0,0,0
2011-04-13,6,1,6,1
2011-04-14,3,3,3,3
2011-04-15,24,0,24,0
2011-04-16,9,3,9,3
2011-04-17,1,0,1,0
2011-04-18,16,3,16,3
2011-04-19,1,1,1,1
2011-04-20,8,0,8,0
2011-04-21,4,0,4,0
2011-04-22,14,2,14,2
2011-04-23,1,4,1,4
2011-04-24,5,1,5,1
2011-04-25,0,2,0,2
2011-04-26,1,0,1,0
2011-04-27,0,1,0,1
2011-04-28,2,4,2,4
2011-04-29,3,1,3,1
2011-04-30,20,1,20,1
2011-05-01,0,3,0,3
2011-05-02,0,1,0,1
2011-05-03,0,1,0,1
2011-05-04,0,0,0,0
2011-05-05,0,0,0,0
2011-05-06,0,3,0,3
2011-05-07,0,4,0,4
2011-05-08,2,0,2,0
2011-05-09,4,2,4,2
2011-05-10,4,1,4,1
2011-05-11,4,0,4,0
2011-05-12,6,4,6,4
2011-05-13,6,2,6,2
2011-05-14,0,1,0,1
2011-05-15,14,1,14,1
2011-05-16,18,0,18,0
2011-05-17,4,1,4,1
2011-05-18,0,2,0,2
2011-05-19,2,0,2,0
2011-05-20,4,2,4,2
2011-05-21,6,0,6,0
2011-05-22,9,0,9,0
2011-05-23,1,0,1,0
2011-05-24,29,3,29,3
2011-05-25,2,0,2,0
2011-05-26,26,1,26,1
2011-05-27,0,1,0,1
2011-05-28,0,4,0,4
2011-05-29,24,0,24,0
2011-05-30,5,0,5,0
2011-05-31,3,1,3,1
2011-06-01,2,0,2,0
2011-06-02,2,1,2,1
2011-06-03,1,1,1,1
2011-06-04,30,3,30,3
2011-06-05,1,0,1,0
2011-06-06,0,0,0,0
2011-06-07,0,3,0,3
2011-06-08,5,1,5,1
2011-06-09,42,2,42,2
2011-06-10,12,2,12,2
2011-06-11,0,3,0,3
2011-06-12,3,0,3,0
2011-06-13,0,0,0,0
2011-06-14,0,2,0,2
2011-06-15,5,1,5,1
2011-06-16,10,1,10,1
2011-06-17,4,1,4,1
2011-06-18,16,2,16,2
2011-06-19,16,1,16,1
2011-06-20,3,0,3,0
2011-06-21,2,0,2,0
2011-06-22,5,0,5,0
2011-06-23,0,0,0,0
2011-06-24,28,2,28,2
2011-06-25,6,3,6,3
2011-06-26,9,2,9,2
2011-06-27,0,2,0,2
2011-06-28,0,0,0,0
2011-06-29,1,3,1,3
2011-06-30,31,0,31,0
2011-07-01,1,0,1,0
2011-07-02,0,0,0,0
2011-07-03,28,2,28,2
2011-07-04,18,2,18,2
2011-07-05,0,2,0,2
2011-07-06,4,0,4,0
2011-07-07,2,3,2,3
2011-07-08,0,1,0,1
2011-07-09,20,2,20,2
2011-07-10,9,6,9,6
2011-07-11,5,0,5,0
2011-07-12,13,2,13,2
2011-07-13,0,5,0,5
2011-07-14,8,0,8,0
2011-07-15,0,0,0,0
2011-07-16,12,0,12,0
2011-07-17,20,1,20,1
2011-07-18,8,0,8,0
2011-07-19,3,0,3,0
2011-07-20,3,2,3,2
2011-07-21,2,3,2,3
2011-07-22,4,0,4,0
2011-07-23,9,5,9,5
2011-07-24,7,0,7,0
2011-07-25,4,0,4,0
2011-07-26,0,0,0,0
2011-07-27,2,2,2,2
2011-07-28,0,0,0,0
2011-07-29,14,1,14,1
2011-07-30,3,1,3,1
2011-07-31,1,1,1,1
2011-08-01,15,1,15,1
2011-08-02,1,0,1,0
2011-08-03,46,0,46,0
2011-08-04,2,4,2,4
2011-08-05,12,0,12,0
2011-08-06,3,0,3,0
2011-08-07,1,1,1,1
2011-08-08,26,1,26,1
2011-08-09,52,1,52,1
2011-08-10,4,0,4,0
2011-08-11,9,0,9,0
2011-08-12,0,1,0,1
2011-08-13,8,1,8,1
2011-08-14,24,0,24,0
2011-08-15,6,1,6,1
2011-08-16,4,0,4,0
2011-08-17,17,0,17,0
2011-08-18,3,2,3,2
2011-08-19,6,0,6,0
2011-08-20,8,2,8,2
2011-08-21,8,1,8,1
2011-08-22,4,1,4,1
2011-08-23,0,3,0,3
2011-08-24,8,2,8,2
2011-08-25,2,0,2,0
2011-08-26,2,0,2,0
2011-08-27,6,5,6,5
2011-08-28,1,0,1,0
2011-08-29,3,2,3,2
2011-08-30,1,0,1,0
2011-08-31,16,1,16,1
2011-09-01,4,3,4,3
2011-09-02,1,0,1,0
2011-09-03,3,1,3,1
2011-09-04,14,5,14,5
2011-09-05,48,0,48,0
2011-09-06,6,0,6,0
2011-09-07,0,0,0,0
2011-09-08,2,3,2,3
2011-09-09,17,0,17,0
2011-09-10,9,0,9,0
2011-09-11,4,0,4,0
2011-09-12,0,1,0,1
2011-09-13,24,1,24,1
2011-09-14,0,2,0,2
2011-09-15,1,1,1,1
2011-09-16,2,2,2,2
2011-09-17,24,3,24,3
2011-09-18,6,0,6,0
2011-09-19,2,2,2,2
2011-09-20,5,1,5,1
2011-09-21,8,2,8,2
2011-09-22,6,0,6,0
2011-09-23,8,2,8,2
2011-09-24,8,1,8,1
2011-09-25,4,0,4,0
2011-09-26,3,1,3,1
2011-09-27,1,1,1,1
2011-09-28,0,0,0,0
2011-09-29,73,1,73,1
2011-09-30,0,0,0,0
2011-10-01,4,2,4,2
2011-10-02,1,3,1,3
2011-10-03,4,1,4,1
2011-10-04,2,0,2,0
2011-10-05,12,0,12,0
2011-10-06,6,1,6,1
2011-10-07,16,2,16,2
2011-10-08,6,0,6,0
2011-10-09,2,1,2,1
2011-10-10,8,0,8,0
2011-10-11,50,1,50,1
2011-10-12,4,1,4,1
2011-10-13,4,0,4,0
2011-10-14,0,1,0,1
2011-10-15,2,3,2,3
2011-10-16,1,1,1,1
2011-10-17,2,0,2,0
2011-10-18,4,1,4,1
2011-10-19,41,2,41,2
2011-10-20,6,0,6,0
2011-10-21,6,4,6,4
2011-10-22,2,0,2,0
2011-10-23,2,1,2,1
2011-10-24,0,0,0,0
2011-10-25,6,0,6,0
2011-10-26,0,1,0,1
2011-10-27,0,0,0,0
2011-10-28,5,0,5,0
2011-10-29,2,1,2,1
2011-10-30,8,1,8,1
2011-10-31,9,1,9,1
2011-11-01,81,0,81,0
2011-11-02,0,0,0,0
2011-11-03,0,3,0,3
2011-11-04,0,0,0,0
2011-11-05,4,1,4,1
2011-11-06,0,1,0,1
2011-11-07,24,0,24,0
2011-11-08,1,2,1,2
2011-11-09,0,2,0,2
2011-11-10,4,0,4,0
2011-11-11,0,0,0,0
2011-11-12,28,0,28,0
2011-11-13,3,0,3,0
2011-11-14,1,1,1,1
2011-11-15,5,0,5,0
2011-11-16,4,1,4,1
2011-11-17,1,0,1,0
2011-11-18,1,2,1,2
2011-11-19,4,2,4,2
2011-11-20,3,0,3,0
2011-11-21,6,1,6,1
2011-11-22,0,1,0,1
2011-11-23,8,0,8,0
2011-11-24,0,0,0,0
2011-11-25,0,3,0,3
2011-11-26,2,0,2,0
2011-11-27,0,0,0,0
2011-11-28,3,0,3,0
2011-11-29,2,0,2,0
2011-11-30,0,0,0,0
2011-12-01,2,0,2,0
2011-12-02,7,0,7,0
2011-12-03,6,1,6,1
2011-12-04,5,1,5,1
2011-12-05,3,1,3,1
2011-12-06,3,0,3,0
2011-12-07,3,0,3,0
2011-12-08,6,1,6,1
2011-12-09,13,1,13,1
2011-12-10,2,0,2,0
2011-12-11,4,1,4,1
2011-12-12,6,1,6,1
2011-12-13,4,0,4,0
2011-12-14,31,0,31,0
2011-12-15,0,0,0,0
2011-12-16,0,2,0,2
2011-12-17,4,1,4,1
2011-12-18,3,1,3,1
2011-12-19,2,1,2,1
2011-12-20,6,0,6,0
2011-12-21,0,1,0,1
2011-12-22,6,0,6,0
2011-12-23,1,0,1,0
2011-12-24,5,0,5,0
2011-12-25,6,1,6,1
2011-12-26,0,1,0,1
2011-12-27,1,0,1,0
2011-12-28,8,0,8,0
2011-12-29,2,2,2,2
2011-12-30,6,0,6,0
2011-12-31,5,3,5,3
2012-01-01,9,3,9,3
2012-01-02,6,0,6,0
2012-01-03,1,2,1,2
2012-01-04,2,0,2,0
2012-01-05,6,0,6,0
2012-01-06,2,3,2,3
2012-01-07,2,1,2,1
2012-01-08,0,0,0,0
2012-01-09,12,0,12,0
2012-01-10,7,1,7,1
2012-01-11,1,0,1,0
2012-01-12,1,2,1,2
2012-01-13,2,0,2,0
2012-01-14,8,4,8,4
2012-01-15,1,0,1,0
2012-01-16,3,0,3,0
2012-01-17,0,0,0,0
2012-01-18,12,3,12,3
2012-01-19,11,1,11,1
2012-01-20,5,0,5,0
2012-01-21,2,1,2,1
2012-01-22,14,1,14,1
2012-01-23,1,0,1,0
2012-01-24,1,0,1,0
2012-01-25,4,1,4,1
2012-01-26,5,0,5,0
2012-01-27,13,1,13,1
2012-01-28,5,3,5,3
2012-01-29,4,0,4,0
2012-01-30,1,0,1,0
2012-01-31,4,0,4,0
2012-02-01,8,1,8,1
2012-02-02,2,0,2,0
2012-02-03,0,0,0,0
2012-02-04,6,0,6,0
2012-02-05,0,1,0,1
2012-02-06,2,1,2,1
2012-02-07,19,4,19,4
2012-02-08,0,0,0,0
2012-02-09,5,1,5,1
2012-02-10,2,0,2,0
2012-02-11,0,4,0,4
2012-02-12,22,2,22,2
2012-02-13,0,1,0,1
2012-02-14,0,1,0,1
2012-02-15,0,0,0,0
2012-02-16,0,1,0,1
2012-02-17,8,0,8,0
2012-02-18,0,1,0,1
2012-02-19,0,0,0,0
2012-02-20,3,0,3,0
2012-02-21,27,0,27,0
2012-02-22,0,3,0,3
2012-02-23,0,0,0,0
2012-02-24,0,2,0,2
2012-02-25,0,0,0,0
2012-02-26,0,1,0,1
2012-02-27,0,3,0,3
2012-02-28,29,0,29,0
2012-02-29,0,2,0,2
2012-03-01,0,0,0,0
2012-03-02,0,0,0,0
2012-03-03,24,2,24,2
2012-03-04,0,0,0,0
2012-03-05,2,0,2,0
2012-03-06,0,0,0,0
2012-03-07,11,0,11,0
2012-03-08,24,2,24,2
2012-03-09,0,1,0,1
2012-03-10,7,4,7,4
2012-03-11,0,0,0,0
2012-03-12,5,2,5,2
2012-03-13,30,0,30,0
2012-03-14,9,0,9,0
2012-03-15,2,1,2,1
2012-03-16,0,2,0,2
2012-03-17,20,0,20,0
2012-03-18,1,2,1,2
2012-03-19,24,1,24,1
2012-03-20,0,0,0,0
2012-03-21,0,0,0,0
2012-03-22,1,2,1,2
2012-03-23,8,1,8,1
2012-03-24,0,2,0,2
2012-03-25,7,0,7,0
2012-03-26,0,0,0,0
2012-03-27,5,0,5,0
2012-03-28,1,0,1,0
2012-03-29,9,2,9,2
2012-03-30,24,1,24,1
2012-03-31,0,0,0,0
2012-04-01,0,1,0,1
2012-04-02,34,0,34,0
2012-04-03,0,0,0,0
2012-04-04,3,4,3,4
2012-04-05,8,0,8,0
2012-04-06,24,2,24,2
2012-04-07,10,1,10,1
2012-04-08,31,1,31,1
2012-04-09,0,1,0,1
2012-04-10,7,2,7,2
2012-04-11,5,0,5,0
2012-04-12,4,0,4,0
2012-04-13,1,6,1,6
2012-04-14,2,1,2,1
2012-04-15,4,0,4,0
2012-04-16,3,0,3,0
2012-04-17,1,0,1,0
2012-04-18,8,0,8,0
2012-04-19,2,0,2,0
2012-04-20,1,0,1,0
2012-04-21,2,0,2,0
2012-04-22,0,1,0,1
2012-04-23,2,0,2,0
2012-04-24,7,0,7,0
2012-04-25,9,1,9,1
2012-04-26,0,1,0,1
2012-04-27,29,5,29,5
2012-04-28,0,2,0,2
2012-04-29,2,0,2,0
2012-04-30,9,5,9,5
2012-05-01,0,0,0,0
2012-05-02,2,2,2,2
2012-05-03,3,0,3,0
2012-05-04,26,3,26,3
2012-05-05,9,2,9,2
2012-05-06,5,2,5,2
2012-05-07,4,1,4,1
2012-05-08,7,0,7,0
2012-05-09,25,0,25,0
2012-05-10,2,0,2,0
2012-05-11,2,1,2,1
2012-05-12,2,1,2,1
2012-05-13,1,0,1,0
2012-05-14,27,4,27,4
2012-05-15,27,0,27,0
2012-05-16,0,0,0,0
2012-05-17,0,2,0,2
2012-05-18,8,2,8,2
2012-05-19,2,0,2,0
2012-05-20,12,2,12,2
2012-05-21,5,0,5,0
2012-05-22,2,0,2,0
2012-05-23,18,1,18,1
2012-05-24,2,1,2,1
2012-05-25,7,6,7,6
2012-05-26,12,2,12,2
2012-05-27,3,0,3,0
2012-05-28,1,0,1,0
2012-05-29,0,2,0,2
2012-05-30,27,1,27,1
2012-05-31,11,0,11,0
2012-06-01,3,0,3,0
2012-06-02,2,4,2,4
2012-06-03,2,0,2,0
2012-06-04,2,0,2,0
2012-06-05,2,5,2,5
2012-06-06,6,0,6,0
2012-06-07,3,1,3,1
2012-06-08,7,1,7,1
2012-06-09,0,0,0,0
2012-06-10,3,1,3,1
2012-06-11,2,1,2,1
2012-06-12,3,0,3,0
2012-06-13,8,2,8,2
2012-06-14,0,3,0,3
2012-06-15,0,1,0,1
2012-06-16,0,0,0,0
2012-06-17,0,0,0,0
2012-06-18,0,1,0,1
2012-06-19,1,3,1,3
2012-06-20,0,0,0,0
2012-06-21,1,1,1,1
2012-06-22,1,2,1,2
2012-06-23,2,0,2,0
2012-06-24,0,1,0,1
2012-06-25,4,0,4,0
2012-06-26,5,0,5,0
2012-06-27,12,0,12,0
2012-06-28,0,4,0,4
2012-06-29,2,0,2,0
2012-06-30,1,2,1,2
2012-07-01,3,3,3,3
2012-07-02,37,0,37,0
2012-07-03,6,1,6,1
2012-07-04,4,1,4,1
2012-07-05,18,2,18,2
2012-07-06,36,1,36,1
2012-07-07,23,1,23,1
2012-07-08,0,2,0,2
2012-07-09,2,1,2,1
2012-07-10,8,0,8,0
2012-07-11,10,6,10,6
2012-07-12,4,1,4,1
2012-07-13,2,0,2,0
2012-07-14,3,0,3,0
2012-07-15,30,1,30,1
2012-07-16,4,0,4,0
2012-07-17,4,0,4,0
2012-07-18,11,4,11,4
2012-07-19,10,1,10,1
2012-07-20,24,2,24,2
2012-07-21,3,1,3,1
2012-07-22,2,3,2,3
2012-07-23,12,0,12,0
2012-07-24,4,0,4,0
2012-07-25,2,0,2,0
2012-07-26,4,2,4,2
2012-07-27,7,2,7,2
2012-07-28,6,0,6,0
2012-07-29,1,1,1,1
2012-07-30,25,0,25,0
2012-07-31,12,0,12,0
2012-08-01,4,0,4,0
2012-08-02,2,1,2,1
2012-08-03,8,0,8,0
2012-08-04,10,2,10,2
2012-08-05,38,0,38,0
2012-08-06,8,0,8,0
2012-08-07,18,5,18,5
2012-08-08,0,0,0,0
2012-08-09,1,0,1,0
2012-08-10,3,0,3,0
2012-08-11,39,6,39,6
2012-08-12,11,0,11,0
2012-08-13,29,0,29,0
2012-08-14,0,0,0,0
2012-08-15,0,3,0,3
2012-08-16,6,1,6,1
2012-08-17,5,0,5,0
2012-08-18,0,3,0,3
2012-08-19,1,0,1,0
2012-08-20,2,2,2,2
2012-08-21,9,1,9,1
2012-08-22,40,0,40,0
2012-08-23,6,1,6,1
2012-08-24,29,1,29,1
2012-08-25,26,1,26,1
2012-08-26,6,0,6,0
2012-08-27,3,0,3,0
2012-08-28,6,2,6,2
2012-08-29,1,1,1,1
2012-08-30,3,3,3,3
2012-08-31,9,0,9,0
2012-09-01,11,0,11,0
2012-09-02,8,2,8,2
2012-09-03,50,1,50,1
2012-09-04,2,0,2,0
2012-09-05,0,0,0,0
2012-09-06,0,1,0,1
2012-09-07,10,3,10,3
2012-09-08,3,0,3,0
2012-09-09,1,0,1,0
2012-09-10,5,0,5,0
2012-09-11,27,1,27,1
2012-09-12,9,0,9,0
2012-09-13,4,2,4,2
2012-09-14,1,3,1,3
2012-09-15,2,0,2,0
2012-09-16,4,0,4,0
2012-09-17,2,0,2,0
2012-09-18,14,4,14,4
2012-09-19,49,0,49,0
2012-09-20,25,0,25,0
2012-09-21,0,1,0,1
2012-09-22,3,0,3,0
2012-09-23,10,0,10,0
2012-09-24,2,0,2,0
2012-09-25,6,0,6,0
2012-09-26,26,1,26,1
2012-09-27,2,2,2,2
2012-09-28,8,0,8,0
2012-09-29,12,0,12,0
2012-09-30,25,0,25,0
2012-10-01,3,2,3,2
2012-10-02,13,0,13,0
2012-10-03,0,0,0,0
2012-10-04,1,0,1,0
2012-10-05,8,0,8,0
2012-10-06,1,4,1,4
2012-10-07,3,1,3,1
2012-10-08,0,0,0,0
2012-10-09,6,1,6,1
2012-10-10,0,1,0,1
2012-10-11,35,1,35,1
2012-10-12,0,0,0,0
2012-10-13,27,1,27,1
2012-10-14,9,3,9,3
2012-10-15,0,0,0,0
2012-10-16,7,0,7,0
2012-10-17,0,0,0,0
2012-10-18,1,2,1,2
2012-10-19,1,0,1,0
2012-10-20,17,1,17,1
2012-10-21,12,4,12,4
2012-10-22,48,0,48,0
2012-10-23,0,0,0,0
2012-10-24,0,2,0,2
2012-10-25,0,1,0,1
2012-10-26,6,0,6,0
2012-10-27,1,0,1,0
2012-10-28,1,1,1,1
2012-10-29,27,0,27,0
2012-10-30,7,0,7,0
2012-10-31,16,0,16,0
2012-11-01,1,0,1,0
2012-11-02,6,0,6,0
2012-11-03,28,0,28,0
2012-11-04,0,0,0,0
2012-11-05,6,0,6,0
2012-11-06,3,0,3,0
2012-11-07,7,0,7,0
2012-11-08,0,0,0,0
2012-11-09,6,0,6,0
2012-11-10,2,0,2,0
2012-11-11,4,0,4,0
2012-11-12,1,0,1,0
2012-11-13,0,0,0,0
2012-11-14,12,0,12,0
2012-11-15,12,0,12,0
2012-11-16,4,0,4,0
2012-11-17,5,0,5,0
2012-11-18,2,0,2,0
2012-11-19,1,0,1,0
2012-11-20,4,0,4,0
2012-11-21,3,0,3,0
2012-11-22,2,0,2,0
2012-11-23,4,0,4,0
2012-11-24,14,0,14,0
2012-11-25,7,0,7,0
2012-11-26,0,0,0,0
2012-11-27,0,0,0,0
2012-11-28,5,0,5,0
2012-11-29,2,0,2,0
2012-11-30,6,0,6,0
2012-12-01,14,0,14,0
2012-12-02,22,0,22,0
2012-12-03,2,0,2,0
2012-12-04,0,0,0,0
2012-12-05,0,0,0,0
2012-12-06,0,0,0,0
2012-12-07,22,0,22,0
2012-12-08,4,0,4,0
2012-12-09,4,0,4,0
2012-12-10,1,0,1,0
2012-12-11,0,0,0,0
2012-12-12,2,0,2,0
2012-12-13,26,0,26,0
2012-12-14,0,0,0,0
2012-12-15,0,0,0,0
2012-12-16,6,0,6,0
2012-12-17,1,0,1,0
2012-12-18,1,0,1,0
2012-12-19,4,0,4,0
2012-12-20,13,0,13,0
2012-12-21,2,0,2,0
2012-12-22,0,0,0,0
2012-12-23,11,0,11,0
2012-12-24,2,0,2,0
2012-12-25,0,0,0,0
2012-12-26,0,0,0,0
2012-12-27,0,0,0,0
2012-12-28,0,0,0,0
2012-12-29,0,0,0,0
2012-12-30,3,0,3,0
2012-12-31,3,0,3,0
2013-01-01,5,0,5,0
2013-01-02,7,0,7,0
2013-01-03,0,0,0,0
2013-01-04,5,0,5,0
2013-01-05,11,0,11,0
2013-01-06,3,0,3,0
2013-01-07,53,0,53,0
2013-01-08,0,0,0,0
2013-01-09,0,0,0,0
2013-01-10,4,0,4,0
2013-01-11,1,0,1,0
2013-01-12,4,0,4,0
2013-01-13,5,0,5,0
2013-01-14,13,0,13,0
2013-01-15,3,0,3,0
2013-01-16,0,0,0,0
2013-01-17,3,0,3,0
2013-01-18,1,0,1,0
2013-01-19,3,0,3,0
2013-01-20,5,0,5,0
2013-01-21,6,0,6,0
2013-01-22,4,0,4,0
2013-01-23,6,0,6,0
2013-01-24,0,0,0,0
2013-01-25,4,0,4,0
2013-01-26,1,0,1,0
2013-01-27,5,0,5,0
2013-01-28,3,0,3,0
2013-01-29,6,0,6,0
2013-01-30,1,5,1,5
2013-01-31,19,1,19,1
2013-02-01,4,0,4,0
2013-02-02,2,0,2,0
2013-02-03,23,0,23,0
2013-02-04,0,0,0,0
2013-02-05,0,0,0,0
2013-02-06,0,1,0,1
2013-02-07,2,0,2,0
2013-02-08,4,1,4,1
2013-02-09,35,0,35,0
2013-02-10,5,6,5,6
2013-02-11,3,0,3,0
2013-02-12,0,0,0,0
2013-02-13,7,5,7,5
2013-02-14,3,0,3,0
2013-02-15,25,0,25,0
2013-02-16,8,0,8,0
2013-02-17,1,0,1,0
2013-02-18,6,0,6,0
2013-02-19,25,0,25,0
2013-02-20,1,1,1,1
2013-02-21,23,0,23,0
2013-02-22,0,0,0,0
2013-02-23,0,4,0,4
2013-02-24,10,3,10,3
2013-02-25,5,0,5,0
2013-02-26,6,0,6,0
2013-02-27,6,0,6,0
2013-02-28,0,1,0,1
2013-03-01,3,2,3,2
2013-03-02,5,1,5,1
2013-03-03,6,0,6,0
2013-03-04,19,2,19,2
2013-03-05,5,0,5,0
2013-03-06,0,4,0,4
2013-03-07,3,0,3,0
2013-03-08,5,0,5,0
2013-03-09,14,0,14,0
2013-03-10,12,0,12,0
2013-03-11,6,1,6,1
2013-03-12,6,0,6,0
2013-03-13,0,2,0,2
2013-03-14,20,2,20,2
2013-03-15,4,0,4,0
2013-03-16,1,2,1,2
2013-03-17,8,0,8,0
2013-03-18,3,2,3,2
2013-03-19,2,0,2,0
2013-03-20,2,6,2,6
2013-03-21,27,0,27,0
2013-03-22,13,2,13,2
2013-03-23,8,0,8,0
2013-03-24,12,0,12,0
2013-03-25,0,2,0,2
2013-03-26,4,0,4,0
2013-03-27,0,3,0,3
2013-03-28,6,1,6,1
2013-03-29,10,0,10,0
2013-03-30,2,1,2,1
2013-03-31,17,2,17,2
2013-04-01,19,1,19,1
2013-04-02,5,0,5,0
2013-04-03,2,2,2,2
2013-04-04,1,1,1,1
2013-04-05,8,1,8,1
2013-04-06,5,2,5,2
2013-04-07,0,1,0,1
2013-04-08,12,1,12,1
2013-04-09,0,1,0,1
2013-04-10,9,0,9,0
2013-04-11,5,2,5,2
2013-04-12,10,0,10,0
2013-04-13,31,1,31,1
2013-04-14,1,0,1,0
2013-04-15,13,0,13,0
2013-04-16,8,3,8,3
2013-04-17,2,0,2,0
2013-04-18,3,0,3,0
2013-04-19,7,1,7,1
2013-04-20,0,1,0,1
2013-04-21,2,0,2,0
2013-04-22,27,1,27,1
2013-04-23,0,0,0,0
2013-04-24,0,0,0,0
2013-04-25,0,1,0,1
2013-04-26,4,1,4,1
2013-04-27,7,1,7,1
2013-04-28,6,1,6,1
2013-04-29,6,0,6,0
2013-04-30,3,0,3,0
2013-05-01,29,0,29,0
2013-05-02,10,0,10,0
2013-05-03,0,0,0,0
2013-05-04,23,1,23,1
2013-05-05,7,0,7,0
2013-05-06,19,2,19,2
2013-05-07,0,4,0,4
2013-05-08,3,1,3,1
2013-05-09,1,1,1,1
2013-05-10,12,0,12,0
2013-05-11,9,3,9,3
2013-05-12,14,1,14,1
2013-05-13,18,0,18,0
2013-05-14,11,0,11,0
2013-05-15,7,2,7,2
2013-05-16,0,1,0,1
2013-05-17,4,0,4,0
2013-05-18,3,1,3,1
2013-05-19,4,0,4,0
2013-05-20,6,1,6,1
2013-05-21,30,0,30,0
2013-05-22,5,4,5,4
2013-05-23,6,0,6,0
2013-05-24,25,0,25,0
2013-05-25,5,4,5,4
2013-05-26,19,1,19,1
2013-05-27,0,0,0,0
2013-05-28,1,0,1,0
2013-05-29,0,1,0,1
2013-05-30,0,1,0,1
2013-05-31,0,2,0,2
2013-06-01,0,0,0,0
2013-06-02,0,0,0,0
2013-06-03,0,4,0,4
2013-06-04,0,2,0,2
2013-06-05,0,0,0,0
2013-06-06,0,0,0,0
2013-06-07,0,0,0,0
2013-06-08,0,2,0,2
2013-06-09,0,4,0,4
2013-06-10,0,0,0,0
2013-06-11,0,1,0,1
2013-06-12,0,0,0,0
2013-06-13,0,1,0,1
2013-06-14,0,1,0,1
2013-06-15,0,0,0,0
2013-06-16,0,0,0,0
2013-06-17,0,0,0,0
2013-06-18,0,0,0,0
2013-06-19,0,3,0,3
2013-06-20,0,1,0,1
2013-06-21,0,2,0,2
2013-06-22,0,0,0,0
2013-06-23,0,1,0,1
2013-06-24,0,0,0,0
2013-06-25,0,1,0,1
2013-06-26,0,1,0,1
2013-06-27,0,5,0,5
2013-06-28,0,0,0,0
2013-06-29,0,1,0,1
2013-06-30,0,0,0,0
2013-07-01,0,1,0,1
2013-07-02,0,2,0,2
2013-07-03,0,0,0,0
2013-07-04,0,1,0,1
2013-07-05,0,3,0,3
2013-07-06,0,1,0,1
2013-07-07,0,0,0,0
2013-07-08,0,1,0,1
2013-07-09,0,3,0,3
2013-07-10,0,0,0,0
2013-07-11,0,0,0,0
2013-07-12,0,1,0,1
2013-07-13,0,1,0,1
2013-07-14,0,0,0,0
2013-07-15,0,3,0,3
2013-07-16,0,0,0,0
2013-07-17,0,0,0,0
2013-07-18,0,0,0,0
2013-07-19,0,2,0,2
2013-07-20,0,1,0,1
2013-07-21,0,0,0,0
2013-07-22,0,1,0,1
2013-07-23,0,0,0,0
2013-07-24,0,0,0,0
2013-07-25,0,1,0,1
2013-07-26,0,2,0,2
2013-07-27,0,0,0,0
2013-07-28,0,0,0,0
2013-07-29,0,0,0,0
2013-07-30,0,2,0,2
2013-07-31,0,3,0,3
2013-08-01,0,0,0,0
2013-08-02,0,0,0,0
2013-08-03,0,2,0,2
2013-08-04,0,1,0,1
2013-08-05,0,0,0,0
2013-08-06,0,1,0,1
2013-08-07,0,0,0,0
2013-08-08,0,2,0,2
2013-08-09,0,0,0,0
2013-08-10,0,1,0,1
2013-08-11,0,0,0,0
2013-08-12,0,0,0,0
2013-08-13,0,1,0,1
2013-08-14,0,1,0,1
2013-08-15,0,1,0,1
2013-08-16,0,0,0,0
2013-08-17,0,2,0,2
2013-08-18,0,2,0,2
2013-08-19,0,0,0,0
2013-08-20,0,0,0,0
2013-08-21,0,0,0,0
2013-08-22,12,2,12,2
2013-08-23,2,2,2,2
2013-08-24,5,2,5,2
2013-08-25,7,0,7,0
2013-08-26,6,0,6,0
2013-08-27,5,0,5,0
2013-08-28,6,1,6,1
2013-08-29,4,1,4,1
2013-08-30,57,4,57,4
2013-08-31,8,1,8,1
2013-09-01,1,0,1,0
2013-09-02,4,4,4,4
2013-09-03,2,0,2,0
2013-09-04,9,1,9,1
2013-09-05,7,2,7,2
2013-09-06,2,1,2,1
2013-09-07,9,1,9,1
2013-09-08,1,5,1,5
2013-09-09,27,1,27,1
2013-09-10,6,0,6,0
2013-09-11,2,4,2,4
2013-09-12,4,0,4,0
2013-09-13,1,2,1,2
2013-09-14,0,1,0,1
2013-09-15,6,0,6,0
2013-09-16,0,2,0,2
2013-09-17,0,1,0,1
2013-09-18,7,0,7,0
2013-09-19,2,5,2,5
2013-09-20,32,2,32,2
2013-09-21,0,2,0,2
2013-09-22,4,0,4,0
2013-09-23,3,0,3,0
2013-09-24,1,0,1,0
2013-09-25,2,0,2,0
2013-09-26,4,3,4,3
2013-09-27,2,0,2,0
2013-09-28,4,1,4,1
2013-09-29,3,1,3,1
2013-09-30,0,3,0,3
2013-10-01,3,0,3,0
2013-10-02,0,0,0,0
2013-10-03,5,1,5,1
2013-10-04,5,2,5,2
2013-10-05,7,0,7,0
2013-10-06,7,1,7,1
2013-10-07,3,2,3,2
2013-10-08,6,0,6,0
2013-10-09,8,5,8,5
2013-10-10,5,1,5,1
2013-10-11,1,1,1,1
2013-10-12,12,0,12,0
2013-10-13,17,0,17,0
2013-10-14,28,3,28,3
2013-10-15,0,0,0,0
2013-10-16,0,0,0,0
2013-10-17,0,1,0,1
2013-10-18,19,1,19,1
2013-10-19,4,2,4,2
2013-10-20,7,1,7,1
2013-10-21,3,0,3,0
2013-10-22,2,0,2,0
2013-10-23,10,0,10,0
2013-10-24,0,1,0,1
2013-10-25,9,0,9,0
2013-10-26,5,1,5,1
2013-10-27,15,0,15,0
2013-10-28,5,3,5,3
2013-10-29,1,2,1,2
2013-10-30,0,1,0,1
2013-10-31,3,0,3,0
2013-11-01,0,0,0,0
2013-11-02,1,2,1,2
2013-11-03,30,0,30,0
2013-11-04,0,3,0,3
2013-11-05,3,0,3,0
2013-11-06,3,0,3,0
2013-11-07,4,1,4,1
2013-11-08,6,1,6,1
2013-11-09,8,0,8,0
2013-11-10,9,0,9,0
2013-11-11,9,0,9,0
2013-11-12,5,0,5,0
2013-11-13,1,0,1,0
2013-11-14,2,0,2,0
2013-11-15,7,1,7,1
2013-11-16,6,1,6,1
2013-11-17,4,3,4,3
2013-11-18,10,0,10,0
2013-11-19,8,0,8,0
2013-11-20,5,1,5,1
2013-11-21,16,3,16,3
2013-11-22,0,0,0,0
2013-11-23,1,0,1,0
2013-11-24,0,3,0,3
2013-11-25,1,1,1,1
2013-11-26,0,1,0,1
2013-11-27,0,0,0,0
2013-11-28,0,0,0,0
2013-11-29,0,0,0,0
2013-11-30,0,2,0,2
2013-12-01,0,0,0,0
2013-12-02,0,2,0,2
2013-12-03,8,1,8,1
2013-12-04,4,2,4,2
2013-12-05,0,2,0,2
2013-12-06,5,0,5,0
2013-12-07,9,5,9,5
2013-12-08,4,2,4,2
2013-12-09,0,0,0,0
2013-12-10,1,0,1,0
2013-12-11,17,1,17,1
2013-12-12,8,1,8,1
2013-12-13,5,0,5,0
2013-12-14,3,0,3,0
2013-12-15,0,1,0,1
2013-12-16,0,1,0,1
2013-12-17,11,1,11,1
2013-12-18,10,0,10,0
2013-12-19,7,2,7,2
2013-12-20,2,0,2,0
2013-12-21,2,1,2,1
2013-12-22,1,0,1,0
2013-12-23,3,1,3,1
2013-12-24,28,4,28,4
2013-12-25,11,0,11,0
2013-12-26,2,0,2,0
2013-12-27,2,1,2,1
2013-12-28,2,2,2,2
2013-12-29,4,0,4,0
2013-12-30,4,2,4,2
2013-12-31,6,1,6,1
2014-01-01,0,2,0,2
2014-01-02,0,3,0,3
2014-01-03,15,1,15,1
2014-01-04,2,2,2,2
2014-01-05,7,0,7,0
2014-01-06,5,0,5,0
2014-01-07,0,0,0,0
2014-01-08,0,2,0,2
2014-01-09,0,0,0,0
2014-01-10,0,1,0,1
2014-01-11,8,3,8,3
2014-01-12,0,0,0,0
2014-01-13,4,3,4,3
2014-01-14,4,0,4,0
2014-01-15,0,4,0,4
2014-01-16,1,2,1,2
2014-01-17,2,1,2,1
2014-01-18,8,2,8,2
2014-01-19,8,0,8,0
2014-01-20,11,0,11,0
2014-01-21,0,1,0,1
2014-01-22,4,0,4,0
2014-01-23,3,2,3,2
2014-01-24,10,1,10,1
2014-01-25,2,1,2,1
2014-01-26,2,0,2,0
2014-01-27,3,0,3,0
2014-01-28,6,0,6,0
2014-01-29,3,0,3,0
2014-01-30,5,0,5,0
2014-01-31,8,1,8,1
2014-02-01,8,2,8,2
2014-02-02,0,0,0,0
2014-02-03,6,0,6,0
2014-02-04,2,4,2,4
2014-02-05,0,1,0,1
2014-02-06,14,0,14,0
2014-02-07,10,1,10,1
2014-02-08,0,2,0,2
2014-02-09,6,1,6,1
2014-02-10,2,1,2,1
2014-02-11,1,0,1,0
2014-02-12,1,0,1,0
2014-02-13,0,1,0,1
2014-02-14,11,1,11,1
2014-02-15,1,3,1,3
2014-02-16,7,1,7,1
2014-02-17,6,3,6,3
2014-02-18,5,0,5,0
2014-02-19,4,1,4,1
2014-02-20,3,2,3,2
2014-02-21,3,1,3,1
2014-02-22,5,2,5,2
2014-02-23,10,0,10,0
2014-02-24,8,0,8,0
2014-02-25,0,0,0,0
2014-02-26,0,1,0,1
2014-02-27,1,2,1,2
2014-02-28,3,4,3,4
2014-03-01,0,3,0,3
2014-03-02,2,0,2,0
2014-03-03,2,1,2,1
2014-03-04,2,2,2,2
2014-03-05,2,1,2,1
2014-03-06,0,1,0,1
2014-03-07,6,1,6,1
2014-03-08,36,0,36,0
2014-03-09,0,1,0,1
2014-03-10,9,0,9,0
2014-03-11,6,0,6,0
2014-03-12,13,1,13,1
2014-03-13,1,1,1,1
2014-03-14,8,2,8,2
2014-03-15,4,1,4,1
2014-03-16,1,0,1,0
2014-03-17,0,4,0,4
2014-03-18,0,1,0,1
2014-03-19,2,1,2,1
2014-03-20,0,0,0,0
2014-03-21,6,2,6,2
2014-03-22,3,1,3,1
2014-03-23,13,4,13,4
2014-03-24,1,1,1,1
2014-03-25,1,1,1,1
2014-03-26,1,2,1,2
2014-03-27,0,2,0,2
2014-03-28,0,4,0,4
2014-03-29,3,1,3,1
2014-03-30,2,1,2,1
2014-03-31,7,0,7,0
2014-04-01,4,2,4,2
2014-04-02,0,1,0,1
2014-04-03,3,1,3,1
2014-04-04,0,2,0,2
2014-04-05,0,4,0,4
2014-04-06,14,2,14,2
2014-04-07,25,0,25,0
2014-04-08,2,1,2,1
2014-04-09,10,4,10,4
2014-04-10,0,1,0,1
2014-04-11,0,1,0,1
2014-04-12,5,1,5,1
2014-04-13,1,0,1,0
2014-04-14,0,1,0,1
2014-04-15,2,1,2,1
2014-04-16,0,1,0,1
2014-04-17,0,2,0,2
2014-04-18,2,2,2,2
2014-04-19,2,1,2,1
2014-04-20,3,3,3,3
2014-04-21,2,1,2,1
2014-04-22,2,1,2,1
2014-04-23,7,2,7,2
2014-04-24,1,1,1,1
2014-04-25,4,3,4,3
2014-04-26,7,1,7,1
2014-04-27,2,0,2,0
2014-04-28,2,0,2,0
2014-04-29,3,1,3,1
2014-04-30,1,1,1,1
2014-05-01,5,1,5,1
2014-05-02,8,0,8,0
2014-05-03,0,0,0,0
2014-05-04,1,0,1,0
2014-05-05,7,0,7,0
2014-05-06,19,0,19,0
2014-05-07,12,0,12,0
2014-05-08,0,0,0,0
2014-05-09,0,0,0,0
2014-05-10,0,0,0,0
2014-05-11,0,0,0,0
2014-05-12,5,0,5,0
2014-05-13,3,0,3,0
2014-05-14,6,0,6,0
2014-05-15,1,0,1,0
2014-05-16,8,0,8,0
2014-05-17,4,0,4,0
2014-05-18,5,0,5,0
2014-05-19,1,0,1,0
2014-05-20,2,0,2,0
2014-05-21,6,0,6,0
2014-05-22,2,0,2,0
2014-05-23,3,0,3,0
2014-05-24,3,0,3,0
2014-05-25,0,0,0,0
2014-05-26,5,0,5,0
2014-05-27,6,0,6,0
2014-05-28,5,0,5,0
2014-05-29,0,0,0,0
2014-05-30,1,1,1,1
2014-05-31,9,1,9,1
2014-06-01,10,0,10,0
2014-06-02,16,0,16,0
2014-06-03,6,0,6,0
2014-06-04,4,0,4,0
2014-06-05,0,0,0,0
2014-06-06,0,0,0,0
2014-06-07,0,0,0,0
2014-06-08,9,0,9,0
2014-06-09,0,0,0,0
2014-06-10,2,0,2,0
2014-06-11,5,0,5,0
2014-06-12,1,0,1,0
2014-06-13,0,0,0,0
2014-06-14,2,0,2,0
2014-06-15,0,0,0,0
2014-06-16,0,0,0,0
2014-06-17,0,0,0,0
2014-06-18,0,0,0,0
2014-06-19,0,0,0,0
2014-06-20,0,0,0,0
2014-06-21,0,0,0,0
2014-06-22,0,0,0,0
2014-06-23,0,0,0,0
2014-06-24,0,0,0,0
2014-06-25,0,0,0,0
2014-06-26,0,0,0,0
2014-06-27,0,2,0,2
2014-06-28,0,1,0,1
2014-06-29,0,0,0,0
2014-06-30,0,1,0,1
2014-07-01,0,1,0,1
2014-07-02,0,0,0,0
2014-07-03,0,1,0,1
2014-07-04,0,0,0,0
2014-07-05,0,0,0,0
2014-07-06,4,1,4,1
2014-07-07,0,1,0,1
2014-07-08,3,1,3,1
2014-07-09,5,0,5,0
2014-07-10,7,0,7,0
2014-07-11,0,0,0,0
2014-07-12,0,1,0,1
2014-07-13,0,0,0,0
2014-07-14,0,1,0,1
2014-07-15,0,1,0,1
2014-07-16,0,2,0,2
2014-07-17,0,2,0,2
2014-07-18,0,2,0,2
2014-07-19,0,1,0,1
2014-07-20,0,0,0,0
2014-07-21,0,1,0,1
2014-07-22,0,0,0,0
2014-07-23,0,1,0,1
2014-07-24,0,0,0,0
2014-07-25,0,2,0,2
2014-07-26,0,0,0,0
2014-07-27,0,2,0,2
2014-07-28,0,0,0,0
2014-07-29,0,0,0,0
2014-07-30,0,0,0,0
2014-07-31,0,1,0,1
2014-08-01,0,1,0,1
2014-08-02,0,2,0,2
2014-08-03,0,1,0,1
2014-08-04,0,0,0,0
2014-08-05,0,1,0,1
2014-08-06,0,0,0,0
2014-08-07,0,0,0,0
2014-08-08,0,5,0,5
2014-08-09,0,1,0,1
2014-08-10,0,0,0,0
2014-08-11,0,1,0,1
2014-08-12,0,2,0,2
2014-08-13,0,2,0,2
2014-08-14,0,1,0,1
2014-08-15,0,0,0,0
2014-08-16,0,2,0,2
2014-08-17,0,1,0,1
2014-08-18,0,2,0,2
2014-08-19,0,0,0,0
2014-08-20,0,0,0,0
2014-08-21,0,2,0,2
2014-08-22,0,1,0,1
2014-08-23,0,1,0,1
2014-08-24,0,3,0,3
2014-08-25,0,2,0,2
2014-08-26,0,1,0,1
2014-08-27,0,0,0,0
2014-08-28,0,2,0,2
2014-08-29,0,2,0,2
2014-08-30,0,4,0,4
2014-08-31,0,0,0,0
2014-09-01,0,2,0,2
2014-09-02,0,3,0,3
2014-09-03,0,2,0,2
2014-09-04,0,1,0,1
2014-09-05,0,0,0,0
2014-09-06,0,0,0,0
2014-09-07,0,3,0,3
2014-09-08,0,1,0,1
2014-09-09,0,1,0,1
2014-09-10,0,1,0,1
2014-09-11,0,3,0,3
2014-09-12,0,1,0,1
2014-09-13,0,1,0,1
2014-09-14,0,0,0,0
2014-09-15,0,0,0,0
2014-09-16,0,1,0,1
2014-09-17,0,0,0,0
2014-09-18,0,0,0,0
2014-09-19,0,2,0,2
2014-09-20,0,3,0,3
2014-09-21,0,0,0,0
2014-09-22,0,1,0,1
2014-09-23,0,1,0,1
2014-09-24,0,3,0,3
2014-09-25,0,1,0,1
2014-09-26,0,1,0,1
2014-09-27,0,3,0,3
2014-09-28,0,1,0,1
2014-09-29,0,0,0,0
2014-09-30,0,0,0,0
2014-10-01,0,1,0,1
2014-10-02,0,1,0,1
2014-10-03,0,0,0,0
2014-10-04,0,0,0,0
2014-10-05,0,0,0,0
2014-10-06,0,3,0,3
2014-10-07,0,2,0,2
2014-10-08,0,1,0,1
2014-10-09,0,1,0,1
2014-10-10,0,1,0,1
2014-10-11,0,0,0,0
2014-10-12,0,2,0,2
2014-10-13,0,2,0,2
2014-10-14,0,1,0,1
2014-10-15,0,3,0,3
2014-10-16,0,2,0,2
2014-10-17,0,1,0,1
2014-10-18,0,1,0,1
2014-10-19,0,2,0,2
2014-10-20,0,1,0,1
2014-10-21,0,0,0,0
2014-10-22,0,0,0,0
2014-10-23,0,1,0,1
2014-10-24,0,2,0,2
2014-10-25,0,0,0,0
2014-10-26,0,2,0,2
2014-10-27,0,3,0,3
2014-10-28,0,0,0,0
2014-10-29,0,2,0,2
2014-10-30,0,0,0,0
2014-10-31,0,0,0,0
2014-11-01,0,1,0,1
2014-11-02,0,3,0,3
2014-11-03,0,0,0,0
2014-11-04,0,2,0,2
2014-11-05,0,0,0,0
2014-11-06,0,1,0,1
2014-11-07,0,2,0,2
2014-11-08,0,3,0,3
2014-11-09,0,0,0,0
2014-11-10,0,2,0,2
2014-11-11,0,1,0,1
2014-11-12,0,0,0,0
2014-11-13,0,0,0,0
2014-11-14,0,0,0,0
2014-11-15,0,0,0,0
2014-11-16,0,0,0,0
2014-11-17,0,1,0,1
2014-11-18,0,3,0,3
2014-11-19,0,0,0,0
2014-11-20,0,2,0,2
2014-11-21,0,2,0,2
2014-11-22,0,1,0,1
2014-11-23,0,0,0,0
2014-11-24,0,0,0,0
2014-11-25,0,3,0,3
2014-11-26,0,1,0,1
2014-11-27,0,0,0,0
2014-11-28,0,1,0,1
2014-11-29,0,0,0,0
2014-11-30,0,1,0,1
2014-12-01,0,2,0,2
2014-12-02,0,3,0,3
2014-12-03,0,1,0,1
2014-12-04,0,0,0,0
2014-12-05,0,3,0,3
2014-12-06,0,1,0,1
2014-12-07,0,3,0,3
2014-12-08,0,1,0,1
2014-12-09,0,0,0,0
2014-12-10,0,0,0,0
2014-12-11,0,0,0,0
2014-12-12,0,0,0,0
2014-12-13,0,2,0,2
2014-12-14,0,0,0,0
2014-12-15,0,0,0,0
2014-12-16,0,0,0,0
2014-12-17,0,3,0,3
2014-12-18,0,1,0,1
2014-12-19,0,3,0,3
2014-12-20,0,0,0,0
2014-12-21,0,0,0,0
2014-12-22,0,0,0,0
2014-12-23,0,0,0,0
2014-12-24,0,1,0,1
2014-12-25,0,0,0,0
2014-12-26,13,1,13,1
2014-12-27,0,2,0,2
2014-12-28,0,0,0,0
2014-12-29,0,1,0,1
2014-12-30,0,0,0,0
2014-12-31,11,0,11,0
2015-01-01,1,2,1,2
2015-01-02,2,0,2,0
2015-01-03,11,2,11,2
2015-01-04,7,0,7,0
2015-01-05,12,4,12,4
2015-01-06,0,1,0,1
2015-01-07,0,1,0,1
2015-01-08,0,1,0,1
2015-01-09,1,1,1,1
2015-01-10,6,1,6,1
2015-01-11,0,1,0,1
2015-01-12,0,0,0,0
2015-01-13,0,1,0,1
2015-01-14,10,0,10,0
2015-01-15,4,3,4,3
2015-01-16,3,1,3,1
2015-01-17,4,3,4,3
2015-01-18,0,0,0,0
2015-01-19,5,0,5,0
2015-01-20,12,0,12,0
2015-01-21,3,2,3,2
2015-01-22,0,2,0,2
2015-01-23,0,1,0,1
2015-01-24,0,0,0,0
2015-01-25,0,2,0,2
2015-01-26,0,2,0,2
2015-01-27,7,0,7,0
2015-01-28,0,2,0,2
2015-01-29,6,0,6,0
2015-01-30,5,0,5,0
2015-01-31,24,1,24,1
2015-02-01,4,1,4,1
2015-02-02,2,0,2,0
2015-02-03,0,1,0,1
2015-02-04,0,1,0,1
2015-02-05,0,0,0,0
2015-02-06,0,2,0,2
2015-02-07,0,2,0,2
2015-02-08,3,2,3,2
2015-02-09,0,0,0,0
2015-02-10,0,0,0,0
2015-02-11,0,0,0,0
2015-02-12,27,0,27,0
2015-02-13,0,1,0,1
2015-02-14,0,1,0,1
2015-02-15,0,2,0,2
2015-02-16,0,0,0,0
2015-02-17,6,0,6,0
2015-02-18,8,0,8,0
2015-02-19,8,1,8,1
2015-02-20,1,0,1,0
2015-02-21,0,2,0,2
2015-02-22,0,0,0,0
2015-02-23,0,1,0,1
2015-02-24,12,0,12,0
2015-02-25,0,0,0,0
2015-02-26,0,1,0,1
2015-02-27,0,0,0,0
2015-02-28,0,4,0,4
2015-03-01,0,0,0,0
2015-03-02,0,1,0,1
2015-03-03,0,0,0,0
2015-03-04,0,4,0,4
2015-03-05,0,1,0,1
2015-03-06,0,0,0,0
2015-03-07,3,1,3,1
2015-03-08,1,1,1,1
2015-03-09,1,0,1,0
2015-03-10,9,1,9,1
2015-03-11,0,1,0,1
2015-03-12,5,1,5,1
2015-03-13,1,0,1,0
2015-03-14,1,1,1,1
2015-03-15,7,1,7,1
2015-03-16,2,0,2,0
2015-03-17,2,3,2,3
2015-03-18,4,1,4,1
2015-03-19,11,1,11,1
2015-03-20,0,3,0,3
2015-03-21,0,2,0,2
2015-03-22,0,0,0,0
2015-03-23,4,1,4,1
2015-03-24,0,0,0,0
2015-03-25,2,0,2,0
2015-03-26,32,2,32,2
2015-03-27,1,0,1,0
2015-03-28,16,1,16,1
2015-03-29,0,2,0,2
2015-03-30,0,2,0,2
2015-03-31,0,2,0,2
2015-04-01,6,1,6,1
2015-04-02,24,0,24,0
2015-04-03,2,0,2,0
2015-04-04,3,1,3,1
2015-04-05,4,1,4,1
2015-04-06,5,0,5,0
2015-04-07,21,2,21,2
2015-04-08,13,0,13,0
2015-04-09,3,1,3,1
2015-04-10,0,0,0,0
2015-04-11,1,1,1,1
2015-04-12,5,0,5,0
2015-04-13,0,1,0,1
2015-04-14,19,1,19,1
2015-04-15,11,1,11,1
2015-04-16,0,0,0,0
2015-04-17,0,1,0,1
2015-04-18,0,2,0,2
2015-04-19,2,0,2,0
2015-04-20,0,1,0,1
2015-04-21,1,0,1,0
2015-04-22,1,0,1,0
2015-04-23,11,0,11,0
2015-04-24,6,0,6,0
2015-04-25,4,0,4,0
2015-04-26,2,0,2,0
2015-04-27,10,0,10,0
2015-04-28,3,1,3,1
2015-04-29,7,0,7,0
2015-04-30,18,0,18,0
2015-05-01,0,5,0,5
2015-05-02,2,0,2,0
2015-05-03,9,0,9,0
2015-05-04,11,0,11,0
2015-05-05,0,0,0,0
2015-05-06,6,2,6,2
2015-05-07,0,0,0,0
2015-05-08,10,0,10,0
2015-05-09,17,1,17,1
2015-05-10,3,0,3,0
2015-05-11,2,0,2,0
2015-05-12,0,3,0,3
2015-05-13,13,1,13,1
2015-05-14,11,0,11,0
2015-05-15,3,0,3,0
2015-05-16,0,0,0,0
2015-05-17,0,0,0,0
2015-05-18,1,0,1,0
2015-05-19,6,0,6,0
2015-05-20,10,0,10,0
2015-05-21,5,3,5,3
2015-05-22,3,1,3,1
2015-05-23,2,0,2,0
2015-05-24,5,0,5,0
2015-05-25,2,1,2,1
2015-05-26,0,0,0,0
2015-05-27,5,3,5,3
2015-05-28,8,0,8,0
2015-05-29,6,0,6,0
2015-05-30,2,0,2,0
2015-05-31,12,0,12,0
2015-06-01,8,1,8,1
2015-06-02,7,2,7,2
2015-06-03,2,1,2,1
2015-06-04,12,0,12,0
2015-06-05,2,0,2,0
2015-06-06,0,2,0,2
2015-06-07,4,0,4,0
2015-06-08,18,2,18,2
2015-06-09,5,0,5,0
2015-06-10,12,0,12,0
2015-06-11,2,0,2,0
2015-06-12,1,0,1,0
2015-06-13,4,1,4,1
2015-06-14,3,1,3,1
2015-06-15,3,0,3,0
2015-06-16,4,0,4,0
2015-06-17,1,0,1,0
2015-06-18,9,0,9,0
2015-06-19,0,0,0,0
2015-06-20,8,1,8,1
2015-06-21,0,0,0,0
2015-06-22,0,1,0,1
2015-06-23,0,0,0,0
2015-06-24,2,0,2,0
2015-06-25,12,1,12,1
2015-06-26,6,1,6,1
2015-06-27,2,0,2,0
2015-06-28,3,0,3,0
2015-06-29,7,0,7,0
2015-06-30,20,1,20,1
2015-07-01,13,0,13,0
2015-07-02,5,1,5,1
2015-07-03,3,3,3,3
2015-07-04,3,0,3,0
2015-07-05,5,0,5,0
2015-07-06,42,2,42,2
2015-07-07,0,0,0,0
2015-07-08,0,1,0,1
2015-07-09,0,1,0,1
2015-07-10,0,2,0,2
2015-07-11,5,1,5,1
2015-07-12,10,0,10,0
2015-07-13,2,2,2,2
2015-07-14,10,0,10,0
2015-07-15,14,0,14,0
2015-07-16,0,0,0,0
2015-07-17,4,3,4,3
2015-07-18,3,3,3,3
2015-07-19,11,1,11,1
2015-07-20,13,0,13,0
2015-07-21,14,2,14,2
2015-07-22,2,1,2,1
2015-07-23,0,1,0,1
2015-07-24,28,1,28,1
2015-07-25,4,3,4,3
2015-07-26,14,2,14,2
2015-07-27,4,2,4,2
2015-07-28,2,0,2,0
2015-07-29,8,0,8,0
2015-07-30,12,3,12,3
2015-07-31,5,0,5,0
2015-08-01,15,2,15,2
2015-08-02,10,0,10,0
2015-08-03,11,2,11,2
2015-08-04,3,2,3,2
2015-08-05,6,1,6,1
2015-08-06,9,5,9,5
2015-08-07,4,0,4,0
2015-08-08,0,1,0,1
2015-08-09,24,2,24,2
2015-08-10,5,7,5,7
2015-08-11,3,0,3,0
2015-08-12,3,0,3,0
2015-08-13,2,2,2,2
2015-08-14,32,2,32,2
2015-08-15,0,3,0,3
2015-08-16,3,1,3,1
2015-08-17,11,2,11,2
2015-08-18,1,1,1,1
2015-08-19,4,1,4,1
2015-08-20,9,2,9,2
2015-08-21,2,2,2,2
2015-08-22,17,2,17,2
2015-08-23,0,0,0,0
2015-08-24,14,0,14,0
2015-08-25,4,0,4,0
2015-08-26,0,3,0,3
2015-08-27,5,0,5,0
2015-08-28,0,3,0,3
2015-08-29,1,1,1,1
2015-08-30,2,2,2,2
2015-08-31,11,0,11,0
2015-09-01,2,1,2,1
2015-09-02,2,0,2,0
2015-09-03,10,2,10,2
2015-09-04,2,2,2,2
2015-09-05,0,1,0,1
2015-09-06,7,3,7,3
2015-09-07,0,2,0,2
2015-09-08,10,2,10,2
2015-09-09,8,2,8,2
2015-09-10,9,2,9,2
2015-09-11,11,0,11,0
2015-09-12,2,1,2,1
2015-09-13,0,0,0,0
2015-09-14,12,1,12,1
2015-09-15,5,0,5,0
2015-09-16,18,0,18,0
2015-09-17,1,4,1,4
2015-09-18,2,1,2,1
2015-09-19,0,2,0,2
2015-09-20,0,0,0,0
2015-09-21,0,1,0,1
2015-09-22,18,2,18,2
2015-09-23,3,1,3,1
2015-09-24,12,2,12,2
2015-09-25,5,1,5,1
2015-09-26,11,1,11,1
2015-09-27,6,1,6,1
2015-09-28,6,3,6,3
2015-09-29,2,2,2,2
2015-09-30,2,2,2,2
2015-10-01,3,3,3,3
2015-10-02,1,1,1,1
2015-10-03,3,2,3,2
2015-10-04,0,1,0,1
2015-10-05,5,1,5,1
2015-10-06,3,3,3,3
2015-10-07,23,0,23,0
2015-10-08,0,3,0,3
2015-10-09,0,3,0,3
2015-10-10,17,2,17,2
2015-10-11,0,2,0,2
2015-10-12,0,4,0,4
2015-10-13,1,0,1,0
2015-10-14,2,1,2,1
2015-10-15,0,1,0,1
2015-10-16,4,0,4,0
2015-10-17,2,3,2,3
2015-10-18,0,1,0,1
2015-10-19,2,0,2,0
2015-10-20,8,2,8,2
2015-10-21,3,2,3,2
2015-10-22,1,0,1,0
2015-10-23,9,1,9,1
2015-10-24,5,3,5,3
2015-10-25,12,0,12,0
2015-10-26,5,1,5,1
2015-10-27,4,0,4,0
2015-10-28,7,1,7,1
2015-10-29,0,0,0,0
2015-10-30,0,1,0,1
2015-10-31,7,0,7,0
2015-11-01,6,2,6,2
2015-11-02,5,0,5,0
2015-11-03,2,1,2,1
2015-11-04,3,1,3,1
2015-11-05,2,0,2,0
2015-11-06,20,0,20,0
2015-11-07,2,1,2,1
2015-11-08,23,1,23,1
2015-11-09,0,0,0,0
2015-11-10,1,0,1,0
2015-11-11,5,0,5,0
2015-11-12,1,1,1,1
2015-11-13,3,0,3,0
2015-11-14,2,1,2,1
2015-11-15,0,1,0,1
2015-11-16,3,0,3,0
2015-11-17,12,0,12,0
2015-11-18,1,3,1,3
2015-11-19,3,0,3,0
2015-11-20,4,1,4,1
2015-11-21,3,3,3,3
2015-11-22,4,0,4,0
2015-11-23,6,0,6,0
2015-11-24,0,0,0,0
2015-11-25,1,0,1,0
2015-11-26,0,2,0,2
2015-11-27,0,0,0,0
2015-11-28,5,2,5,2
2015-11-29,2,1,2,1
2015-11-30,6,1,6,1
2015-12-01,4,2,4,2
2015-12-02,0,2,0,2
2015-12-03,2,0,2,0
2015-12-04,1,0,1,0
2015-12-05,9,0,9,0
2015-12-06,8,2,8,2
2015-12-07,4,1,4,1
2015-12-08,4,1,4,1
2015-12-09,11,0,11,0
2015-12-10,12,1,12,1
2015-12-11,5,2,5,2
2015-12-12,3,1,3,1
2015-12-13,4,0,4,0
2015-12-14,12,0,12,0
2015-12-15,26,0,26,0
2015-12-16,0,0,0,0
2015-12-17,5,0,5,0
2015-12-18,2,0,2,0
2015-12-19,2,0,2,0
2015-12-20,4,2,4,2
2015-12-21,0,0,0,0
2015-12-22,8,0,8,0
2015-12-23,3,0,3,0
2015-12-24,4,1,4,1
2015-12-25,3,1,3,1
2015-12-26,7,1,7,1
2015-12-27,2,0,2,0
2015-12-28,0,0,0,0
2015-12-29,14,0,14,0
2015-12-30,0,0,0,0
2015-12-31,2,2,2,2
2016-01-01,4,0,4,0
2016-01-02,2,1,2,1
2016-01-03,7,1,7,1
2016-01-04,10,5,10,5
2016-01-05,3,3,3,3
2016-01-06,0,0,0,0
2016-01-07,0,0,0,0
2016-01-08,0,3,0,3
2016-01-09,0,2,0,2
2016-01-10,4,1,4,1
2016-01-11,0,1,0,1
2016-01-12,0,0,0,0
2016-01-13,0,0,0,0
2016-01-14,0,0,0,0
2016-01-15,0,1,0,1
2016-01-16,0,2,0,2
2016-01-17,0,0,0,0
2016-01-18,0,1,0,1
2016-01-19,2,0,2,0
2016-01-20,5,0,5,0
2016-01-21,4,0,4,0
2016-01-22,0,0,0,0
2016-01-23,0,0,0,0
2016-01-24,0,2,0,2
2016-01-25,4,3,4,3
2016-01-26,0,1,0,1
2016-01-27,2,1,2,1
2016-01-28,11,1,11,1
2016-01-29,0,0,0,0
2016-01-30,3,2,3,2
2016-01-31,0,0,0,0
2016-02-01,0,1,0,1
2016-02-02,0,0,0,0
2016-02-03,0,0,0,0
2016-02-04,0,4,0,4
2016-02-05,0,0,0,0
2016-02-06,0,0,0,0
2016-02-07,1,1,1,1
2016-02-08,3,1,3,1
2016-02-09,0,2,0,2
2016-02-10,0,0,0,0
2016-02-11,0,1,0,1
2016-02-12,0,2,0,2
2016-02-13,0,3,0,3
2016-02-14,6,0,6,0
2016-02-15,7,0,7,0
2016-02-16,0,0,0,0
2016-02-17,7,0,7,0
2016-02-18,3,0,3,0
2016-02-19,4,0,4,0
2016-02-20,12,2,12,2
2016-02-21,3,1,3,1
2016-02-22,0,1,0,1
2016-02-23,0,2,0,2
2016-02-24,0,0,0,0
2016-02-25,0,1,0,1
2016-02-26,0,2,0,2
2016-02-27,11,4,11,4
2016-02-28,0,0,0,0
2016-02-29,13,0,13,0
2016-03-01,0,3,0,3
2016-03-02,0,0,0,0
2016-03-03,0,0,0,0
2016-03-04,2,1,2,1
2016-03-05,1,1,1,1
2016-03-06,9,1,9,1
2016-03-07,5,1,5,1
2016-03-08,3,0,3,0
2016-03-09,3,1,3,1
2016-03-10,0,0,0,0
2016-03-11,6,0,6,0
2016-03-12,2,1,2,1
2016-03-13,12,1,12,1
2016-03-14,5,0,5,0
2016-03-15,0,2,0,2
2016-03-16,0,0,0,0
2016-03-17,1,0,1,0
2016-03-18,2,2,2,2
2016-03-19,1,2,1,2
2016-03-20,3,0,3,0
2016-03-21,18,0,18,0
2016-03-22,0,0,0,0
2016-03-23,0,0,0,0
2016-03-24,0,0,0,0
2016-03-25,4,2,4,2
2016-03-26,4,0,4,0
2016-03-27,2,0,2,0
2016-03-28,3,1,3,1
2016-03-29,0,1,0,1
2016-03-30,1,2,1,2
2016-03-31,7,2,7,2
2016-04-01,1,2,1,2
2016-04-02,0,1,0,1
2016-04-03,0,1,0,1
2016-04-04,0,1,0,1
2016-04-05,24,0,24,0
2016-04-06,5,1,5,1
2016-04-07,0,1,0,1
2016-04-08,0,0,0,0
2016-04-09,0,1,0,1
2016-04-10,10,0,10,0
2016-04-11,14,3,14,3
2016-04-12,0,0,0,0
2016-04-13,9,1,9,1
2016-04-14,0,0,0,0
2016-04-15,3,0,3,0
2016-04-16,2,1,2,1
2016-04-17,24,1,24,1
2016-04-18,5,1,5,1
2016-04-19,9,0,9,0
2016-04-20,3,1,3,1
2016-04-21,0,2,0,2
2016-04-22,2,0,2,0
2016-04-23,1,3,1,3
2016-04-24,18,2,18,2
